year,month,date,days_in_month
1950,1,1950-01-01,31
1950,2,1950-02-01,28
1950,3,1950-03-01,31
1950,4,1950-04-01,30
1950,5,1950-05-01,31
1950,6,1950-06-01,30
1950,7,1950-07-01,31
1950,8,1950-08-01,31
1950,9,1950-09-01,30
1950,10,1950-10-01,31
1950,11,1950-11-01,30
1950,12,1950-12-01,31
1951,1,1951-01-01,31
1951,2,1951-02-01,28
1951,3,1951-03-01,31
1951,4,1951-04-01,30
1951,5,1951-05-01,31
1951,6,1951-06-01,30
1951,7,1951-07-01,31
1951,8,1951-08-01,31
1951,9,1951-09-01,30
1951,10,1951-10-01,31
1951,11,1951-11-01,30
1951,12,1951-12-01,31
1952,1,1952-01-01,31
1952,2,1952-02-01,29
1952,3,1952-03-01,31
1952,4,1952-04-01,30
1952,5,1952-05-01,31
1952,6,1952-06-01,30
1952,7,1952-07-01,31
1952,8,1952-08-01,31
1952,9,1952-09-01,30
1952,10,1952-10-01,31
1952,11,1952-11-01,30
1952,12,1952-12-01,31
1953,1,1953-01-01,31
1953,2,1953-02-01,28
1953,3,1953-03-01,31
1953,4,1953-04-01,30
1953,5,1953-05-01,31
1953,6,1953-06-01,30
1953,7,1953-07-01,31
1953,8,1953-08-01,31
1953,9,1953-09-01,30
1953,10,1953-10-01,31
1953,11,1953-11-01,30
1953,12,1953-12-01,31
1954,1,1954-01-01,31
1954,2,1954-02-01,28
1954,3,1954-03-01,31
1954,4,1954-04-01,30
1954,5,1954-05-01,31
1954,6,1954-06-01,30
1954,7,1954-07-01,31
1954,8,1954-08-01,31
1954,9,1954-09-01,30
1954,10,1954-10-01,31
1954,11,1954-11-01,30
1954,12,1954-12-01,31
1955,1,1955-01-01,31
1955,2,1955-02-01,28
1955,3,1955-03-01,31
1955,4,1955-04-01,30
1955,5,1955-05-01,31
1955,6,1955-06-01,30
1955,7,1955-07-01,31
1955,8,1955-08-01,31
1955,9,1955-09-01,30
1955,10,1955-10-01,31
1955,11,1955-11-01,30
1955,12,1955-12-01,31
1956,1,1956-01-01,31
1956,2,1956-02-01,29
1956,3,1956-03-01,31
1956,4,1956-04-01,30
1956,5,1956-05-01,31
1956,6,1956-06-01,30
1956,7,1956-07-01,31
1956,8,1956-08-01,31
1956,9,1956-09-01,30
1956,10,1956-10-01,31
1956,11,1956-11-01,30
1956,12,1956-12-01,31
1957,1,1957-01-01,31
1957,2,1957-02-01,28
1957,3,1957-03-01,31
1957,4,1957-04-01,30
1957,5,1957-05-01,31
1957,6,1957-06-01,30
1957,7,1957-07-01,31
1957,8,1957-08-01,31
1957,9,1957-09-01,30
1957,10,1957-10-01,31
1957,11,1957-11-01,30
1957,12,1957-12-01,31
1958,1,1958-01-01,31
1958,2,1958-02-01,28
1958,3,1958-03-01,31
1958,4,1958-04-01,30
1958,5,1958-05-01,31
1958,6,1958-06-01,30
1958,7,1958-07-01,31
1958,8,1958-08-01,31
1958,9,1958-09-01,30
1958,10,1958-10-01,31
1958,11,1958-11-01,30
1958,12,1958-12-01,31
1959,1,1959-01-01,31
1959,2,1959-02-01,28
1959,3,1959-03-01,31
1959,4,1959-04-01,30
1959,5,1959-05-01,31
1959,6,1959-06-01,30
1959,7,1959-07-01,31
1959,8,1959-08-01,31
1959,9,1959-09-01,30
1959,10,1959-10-01,31
1959,11,1959-11-01,30
1959,12,1959-12-01,31
1960,1,1960-01-01,31
1960,2,1960-02-01,29
1960,3,1960-03-01,31
1960,4,1960-04-01,30
1960,5,1960-05-01,31
1960,6,1960-06-01,30
1960,7,1960-07-01,31
1960,8,1960-08-01,31
1960,9,1960-09-01,30
1960,10,1960-10-01,31
1960,11,1960-11-01,30
1960,12,1960-12-01,31
1961,1,1961-01-01,31
1961,2,1961-02-01,28
1961,3,1961-03-01,31
1961,4,1961-04-01,30
1961,5,1961-05-01,31
1961,6,1961-06-01,30
1961,7,1961-07-01,31
1961,8,1961-08-01,31
1961,9,1961-09-01,30
1961,10,1961-10-01,31
1961,11,1961-11-01,30
1961,12,1961-12-01,31
1962,1,1962-01-01,31
1962,2,1962-02-01,28
1962,3,1962-03-01,31
1962,4,1962-04-01,30
1962,5,1962-05-01,31
1962,6,1962-06-01,30
1962,7,1962-07-01,31
1962,8,1962-08-01,31
1962,9,1962-09-01,30
1962,10,1962-10-01,31
1962,11,1962-11-01,30
1962,12,1962-12-01,31
1963,1,1963-01-01,31
1963,2,1963-02-01,28
1963,3,1963-03-01,31
1963,4,1963-04-01,30
1963,5,1963-05-01,31
1963,6,1963-06-01,30
1963,7,1963-07-01,31
1963,8,1963-08-01,31
1963,9,1963-09-01,30
1963,10,1963-10-01,31
1963,11,1963-11-01,30
1963,12,1963-12-01,31
1964,1,1964-01-01,31
1964,2,1964-02-01,29
1964,3,1964-03-01,31
1964,4,1964-04-01,30
1964,5,1964-05-01,31
1964,6,1964-06-01,30
1964,7,1964-07-01,31
1964,8,1964-08-01,31
1964,9,1964-09-01,30
1964,10,1964-10-01,31
1964,11,1964-11-01,30
1964,12,1964-12-01,31
1965,1,1965-01-01,31
1965,2,1965-02-01,28
1965,3,1965-03-01,31
1965,4,1965-04-01,30
1965,5,1965-05-01,31
1965,6,1965-06-01,30
1965,7,1965-07-01,31
1965,8,1965-08-01,31
1965,9,1965-09-01,30
1965,10,1965-10-01,31
1965,11,1965-11-01,30
1965,12,1965-12-01,31
1966,1,1966-01-01,31
1966,2,1966-02-01,28
1966,3,1966-03-01,31
1966,4,1966-04-01,30
1966,5,1966-05-01,31
1966,6,1966-06-01,30
1966,7,1966-07-01,31
1966,8,1966-08-01,31
1966,9,1966-09-01,30
1966,10,1966-10-01,31
1966,11,1966-11-01,30
1966,12,1966-12-01,31
1967,1,1967-01-01,31
1967,2,1967-02-01,28
1967,3,1967-03-01,31
1967,4,1967-04-01,30
1967,5,1967-05-01,31
1967,6,1967-06-01,30
1967,7,1967-07-01,31
1967,8,1967-08-01,31
1967,9,1967-09-01,30
1967,10,1967-10-01,31
1967,11,1967-11-01,30
1967,12,1967-12-01,31
1968,1,1968-01-01,31
1968,2,1968-02-01,29
1968,3,1968-03-01,31
1968,4,1968-04-01,30
1968,5,1968-05-01,31
1968,6,1968-06-01,30
1968,7,1968-07-01,31
1968,8,1968-08-01,31
1968,9,1968-09-01,30
1968,10,1968-10-01,31
1968,11,1968-11-01,30
1968,12,1968-12-01,31
1969,1,1969-01-01,31
1969,2,1969-02-01,28
1969,3,1969-03-01,31
1969,4,1969-04-01,30
1969,5,1969-05-01,31
1969,6,1969-06-01,30
1969,7,1969-07-01,31
1969,8,1969-08-01,31
1969,9,1969-09-01,30
1969,10,1969-10-01,31
1969,11,1969-11-01,30
1969,12,1969-12-01,31
1970,1,1970-01-01,31
1970,2,1970-02-01,28
1970,3,1970-03-01,31
1970,4,1970-04-01,30
1970,5,1970-05-01,31
1970,6,1970-06-01,30
1970,7,1970-07-01,31
1970,8,1970-08-01,31
1970,9,1970-09-01,30
1970,10,1970-10-01,31
1970,11,1970-11-01,30
1970,12,1970-12-01,31
1971,1,1971-01-01,31
1971,2,1971-02-01,28
1971,3,1971-03-01,31
1971,4,1971-04-01,30
1971,5,1971-05-01,31
1971,6,1971-06-01,30
1971,7,1971-07-01,31
1971,8,1971-08-01,31
1971,9,1971-09-01,30
1971,10,1971-10-01,31
1971,11,1971-11-01,30
1971,12,1971-12-01,31
1972,1,1972-01-01,31
1972,2,1972-02-01,29
1972,3,1972-03-01,31
1972,4,1972-04-01,30
1972,5,1972-05-01,31
1972,6,1972-06-01,30
1972,7,1972-07-01,31
1972,8,1972-08-01,31
1972,9,1972-09-01,30
1972,10,1972-10-01,31
1972,11,1972-11-01,30
1972,12,1972-12-01,31
1973,1,1973-01-01,31
1973,2,1973-02-01,28
1973,3,1973-03-01,31
1973,4,1973-04-01,30
1973,5,1973-05-01,31
1973,6,1973-06-01,30
1973,7,1973-07-01,31
1973,8,1973-08-01,31
1973,9,1973-09-01,30
1973,10,1973-10-01,31
1973,11,1973-11-01,30
1973,12,1973-12-01,31
1974,1,1974-01-01,31
1974,2,1974-02-01,28
1974,3,1974-03-01,31
1974,4,1974-04-01,30
1974,5,1974-05-01,31
1974,6,1974-06-01,30
1974,7,1974-07-01,31
1974,8,1974-08-01,31
1974,9,1974-09-01,30
1974,10,1974-10-01,31
1974,11,1974-11-01,30
1974,12,1974-12-01,31
1975,1,1975-01-01,31
1975,2,1975-02-01,28
1975,3,1975-03-01,31
1975,4,1975-04-01,30
1975,5,1975-05-01,31
1975,6,1975-06-01,30
1975,7,1975-07-01,31
1975,8,1975-08-01,31
1975,9,1975-09-01,30
1975,10,1975-10-01,31
1975,11,1975-11-01,30
1975,12,1975-12-01,31
1976,1,1976-01-01,31
1976,2,1976-02-01,29
1976,3,1976-03-01,31
1976,4,1976-04-01,30
1976,5,1976-05-01,31
1976,6,1976-06-01,30
1976,7,1976-07-01,31
1976,8,1976-08-01,31
1976,9,1976-09-01,30
1976,10,1976-10-01,31
1976,11,1976-11-01,30
1976,12,1976-12-01,31
1977,1,1977-01-01,31
1977,2,1977-02-01,28
1977,3,1977-03-01,31
1977,4,1977-04-01,30
1977,5,1977-05-01,31
1977,6,1977-06-01,30
1977,7,1977-07-01,31
1977,8,1977-08-01,31
1977,9,1977-09-01,30
1977,10,1977-10-01,31
1977,11,1977-11-01,30
1977,12,1977-12-01,31
1978,1,1978-01-01,31
1978,2,1978-02-01,28
1978,3,1978-03-01,31
1978,4,1978-04-01,30
1978,5,1978-05-01,31
1978,6,1978-06-01,30
1978,7,1978-07-01,31
1978,8,1978-08-01,31
1978,9,1978-09-01,30
1978,10,1978-10-01,31
1978,11,1978-11-01,30
1978,12,1978-12-01,31
1979,1,1979-01-01,31
1979,2,1979-02-01,28
1979,3,1979-03-01,31
1979,4,1979-04-01,30
1979,5,1979-05-01,31
1979,6,1979-06-01,30
1979,7,1979-07-01,31
1979,8,1979-08-01,31
1979,9,1979-09-01,30
1979,10,1979-10-01,31
1979,11,1979-11-01,30
1979,12,1979-12-01,31
1980,1,1980-01-01,31
1980,2,1980-02-01,29
1980,3,1980-03-01,31
1980,4,1980-04-01,30
1980,5,1980-05-01,31
1980,6,1980-06-01,30
1980,7,1980-07-01,31
1980,8,1980-08-01,31
1980,9,1980-09-01,30
1980,10,1980-10-01,31
1980,11,1980-11-01,30
1980,12,1980-12-01,31
1981,1,1981-01-01,31
1981,2,1981-02-01,28
1981,3,1981-03-01,31
1981,4,1981-04-01,30
1981,5,1981-05-01,31
1981,6,1981-06-01,30
1981,7,1981-07-01,31
1981,8,1981-08-01,31
1981,9,1981-09-01,30
1981,10,1981-10-01,31
1981,11,1981-11-01,30
1981,12,1981-12-01,31
1982,1,1982-01-01,31
1982,2,1982-02-01,28
1982,3,1982-03-01,31
1982,4,1982-04-01,30
1982,5,1982-05-01,31
1982,6,1982-06-01,30
1982,7,1982-07-01,31
1982,8,1982-08-01,31
1982,9,1982-09-01,30
1982,10,1982-10-01,31
1982,11,1982-11-01,30
1982,12,1982-12-01,31
1983,1,1983-01-01,31
1983,2,1983-02-01,28
1983,3,1983-03-01,31
1983,4,1983-04-01,30
1983,5,1983-05-01,31
1983,6,1983-06-01,30
1983,7,1983-07-01,31
1983,8,1983-08-01,31
1983,9,1983-09-01,30
1983,10,1983-10-01,31
1983,11,1983-11-01,30
1983,12,1983-12-01,31
1984,1,1984-01-01,31
1984,2,1984-02-01,29
1984,3,1984-03-01,31
1984,4,1984-04-01,30
1984,5,1984-05-01,31
1984,6,1984-06-01,30
1984,7,1984-07-01,31
1984,8,1984-08-01,31
1984,9,1984-09-01,30
1984,10,1984-10-01,31
1984,11,1984-11-01,30
1984,12,1984-12-01,31
1985,1,1985-01-01,31
1985,2,1985-02-01,28
1985,3,1985-03-01,31
1985,4,1985-04-01,30
1985,5,1985-05-01,31
1985,6,1985-06-01,30
1985,7,1985-07-01,31
1985,8,1985-08-01,31
1985,9,1985-09-01,30
1985,10,1985-10-01,31
1985,11,1985-11-01,30
1985,12,1985-12-01,31
1986,1,1986-01-01,31
1986,2,1986-02-01,28
1986,3,1986-03-01,31
1986,4,1986-04-01,30
1986,5,1986-05-01,31
1986,6,1986-06-01,30
1986,7,1986-07-01,31
1986,8,1986-08-01,31
1986,9,1986-09-01,30
1986,10,1986-10-01,31
1986,11,1986-11-01,30
1986,12,1986-12-01,31
1987,1,1987-01-01,31
1987,2,1987-02-01,28
1987,3,1987-03-01,31
1987,4,1987-04-01,30
1987,5,1987-05-01,31
1987,6,1987-06-01,30
1987,7,1987-07-01,31
1987,8,1987-08-01,31
1987,9,1987-09-01,30
1987,10,1987-10-01,31
1987,11,1987-11-01,30
1987,12,1987-12-01,31
1988,1,1988-01-01,31
1988,2,1988-02-01,29
1988,3,1988-03-01,31
1988,4,1988-04-01,30
1988,5,1988-05-01,31
1988,6,1988-06-01,30
1988,7,1988-07-01,31
1988,8,1988-08-01,31
1988,9,1988-09-01,30
1988,10,1988-10-01,31
1988,11,1988-11-01,30
1988,12,1988-12-01,31
1989,1,1989-01-01,31
1989,2,1989-02-01,28
1989,3,1989-03-01,31
1989,4,1989-04-01,30
1989,5,1989-05-01,31
1989,6,1989-06-01,30
1989,7,1989-07-01,31
1989,8,1989-08-01,31
1989,9,1989-09-01,30
1989,10,1989-10-01,31
1989,11,1989-11-01,30
1989,12,1989-12-01,31
1990,1,1990-01-01,31
1990,2,1990-02-01,28
1990,3,1990-03-01,31
1990,4,1990-04-01,30
1990,5,1990-05-01,31
1990,6,1990-06-01,30
1990,7,1990-07-01,31
1990,8,1990-08-01,31
1990,9,1990-09-01,30
1990,10,1990-10-01,31
1990,11,1990-11-01,30
1990,12,1990-12-01,31
1991,1,1991-01-01,31
1991,2,1991-02-01,28
1991,3,1991-03-01,31
1991,4,1991-04-01,30
1991,5,1991-05-01,31
1991,6,1991-06-01,30
1991,7,1991-07-01,31
1991,8,1991-08-01,31
1991,9,1991-09-01,30
1991,10,1991-10-01,31
1991,11,1991-11-01,30
1991,12,1991-12-01,31
1992,1,1992-01-01,31
1992,2,1992-02-01,29
1992,3,1992-03-01,31
1992,4,1992-04-01,30
1992,5,1992-05-01,31
1992,6,1992-06-01,30
1992,7,1992-07-01,31
1992,8,1992-08-01,31
1992,9,1992-09-01,30
1992,10,1992-10-01,31
1992,11,1992-11-01,30
1992,12,1992-12-01,31
1993,1,1993-01-01,31
1993,2,1993-02-01,28
1993,3,1993-03-01,31
1993,4,1993-04-01,30
1993,5,1993-05-01,31
1993,6,1993-06-01,30
1993,7,1993-07-01,31
1993,8,1993-08-01,31
1993,9,1993-09-01,30
1993,10,1993-10-01,31
1993,11,1993-11-01,30
1993,12,1993-12-01,31
1994,1,1994-01-01,31
1994,2,1994-02-01,28
1994,3,1994-03-01,31
1994,4,1994-04-01,30
1994,5,1994-05-01,31
1994,6,1994-06-01,30
1994,7,1994-07-01,31
1994,8,1994-08-01,31
1994,9,1994-09-01,30
1994,10,1994-10-01,31
1994,11,1994-11-01,30
1994,12,1994-12-01,31
1995,1,1995-01-01,31
1995,2,1995-02-01,28
1995,3,1995-03-01,31
1995,4,1995-04-01,30
1995,5,1995-05-01,31
1995,6,1995-06-01,30
1995,7,1995-07-01,31
1995,8,1995-08-01,31
1995,9,1995-09-01,30
1995,10,1995-10-01,31
1995,11,1995-11-01,30
1995,12,1995-12-01,31
1996,1,1996-01-01,31
1996,2,1996-02-01,29
1996,3,1996-03-01,31
1996,4,1996-04-01,30
1996,5,1996-05-01,31
1996,6,1996-06-01,30
1996,7,1996-07-01,31
1996,8,1996-08-01,31
1996,9,1996-09-01,30
1996,10,1996-10-01,31
1996,11,1996-11-01,30
1996,12,1996-12-01,31
1997,1,1997-01-01,31
1997,2,1997-02-01,28
1997,3,1997-03-01,31
1997,4,1997-04-01,30
1997,5,1997-05-01,31
1997,6,1997-06-01,30
1997,7,1997-07-01,31
1997,8,1997-08-01,31
1997,9,1997-09-01,30
1997,10,1997-10-01,31
1997,11,1997-11-01,30
1997,12,1997-12-01,31
1998,1,1998-01-01,31
1998,2,1998-02-01,28
1998,3,1998-03-01,31
1998,4,1998-04-01,30
1998,5,1998-05-01,31
1998,6,1998-06-01,30
1998,7,1998-07-01,31
1998,8,1998-08-01,31
1998,9,1998-09-01,30
1998,10,1998-10-01,31
1998,11,1998-11-01,30
1998,12,1998-12-01,31
1999,1,1999-01-01,31
1999,2,1999-02-01,28
1999,3,1999-03-01,31
1999,4,1999-04-01,30
1999,5,1999-05-01,31
1999,6,1999-06-01,30
1999,7,1999-07-01,31
1999,8,1999-08-01,31
1999,9,1999-09-01,30
1999,10,1999-10-01,31
1999,11,1999-11-01,30
1999,12,1999-12-01,31
2000,1,2000-01-01,31
2000,2,2000-02-01,29
2000,3,2000-03-01,31
2000,4,2000-04-01,30
2000,5,2000-05-01,31
2000,6,2000-06-01,30
2000,7,2000-07-01,31
2000,8,2000-08-01,31
2000,9,2000-09-01,30
2000,10,2000-10-01,31
2000,11,2000-11-01,30
2000,12,2000-12-01,31
2001,1,2001-01-01,31
2001,2,2001-02-01,28
2001,3,2001-03-01,31
2001,4,2001-04-01,30
2001,5,2001-05-01,31
2001,6,2001-06-01,30
2001,7,2001-07-01,31
2001,8,2001-08-01,31
2001,9,2001-09-01,30
2001,10,2001-10-01,31
2001,11,2001-11-01,30
2001,12,2001-12-01,31
2002,1,2002-01-01,31
2002,2,2002-02-01,28
2002,3,2002-03-01,31
2002,4,2002-04-01,30
2002,5,2002-05-01,31
2002,6,2002-06-01,30
2002,7,2002-07-01,31
2002,8,2002-08-01,31
2002,9,2002-09-01,30
2002,10,2002-10-01,31
2002,11,2002-11-01,30
2002,12,2002-12-01,31
2003,1,2003-01-01,31
2003,2,2003-02-01,28
2003,3,2003-03-01,31
2003,4,2003-04-01,30
2003,5,2003-05-01,31
2003,6,2003-06-01,30
2003,7,2003-07-01,31
2003,8,2003-08-01,31
2003,9,2003-09-01,30
2003,10,2003-10-01,31
2003,11,2003-11-01,30
2003,12,2003-12-01,31
2004,1,2004-01-01,31
2004,2,2004-02-01,29
2004,3,2004-03-01,31
2004,4,2004-04-01,30
2004,5,2004-05-01,31
2004,6,2004-06-01,30
2004,7,2004-07-01,31
2004,8,2004-08-01,31
2004,9,2004-09-01,30
2004,10,2004-10-01,31
2004,11,2004-11-01,30
2004,12,2004-12-01,31
2005,1,2005-01-01,31
2005,2,2005-02-01,28
2005,3,2005-03-01,31
2005,4,2005-04-01,30
2005,5,2005-05-01,31
2005,6,2005-06-01,30
2005,7,2005-07-01,31
2005,8,2005-08-01,31
2005,9,2005-09-01,30
2005,10,2005-10-01,31
2005,11,2005-11-01,30
2005,12,2005-12-01,31
2006,1,2006-01-01,31
2006,2,2006-02-01,28
2006,3,2006-03-01,31
2006,4,2006-04-01,30
2006,5,2006-05-01,31
2006,6,2006-06-01,30
2006,7,2006-07-01,31
2006,8,2006-08-01,31
2006,9,2006-09-01,30
2006,10,2006-10-01,31
2006,11,2006-11-01,30
2006,12,2006-12-01,31
2007,1,2007-01-01,31
2007,2,2007-02-01,28
2007,3,2007-03-01,31
2007,4,2007-04-01,30
2007,5,2007-05-01,31
2007,6,2007-06-01,30
2007,7,2007-07-01,31
2007,8,2007-08-01,31
2007,9,2007-09-01,30
2007,10,2007-10-01,31
2007,11,2007-11-01,30
2007,12,2007-12-01,31
2008,1,2008-01-01,31
2008,2,2008-02-01,29
2008,3,2008-03-01,31
2008,4,2008-04-01,30
2008,5,2008-05-01,31
2008,6,2008-06-01,30
2008,7,2008-07-01,31
2008,8,2008-08-01,31
2008,9,2008-09-01,30
2008,10,2008-10-01,31
2008,11,2008-11-01,30
2008,12,2008-12-01,31
2009,1,2009-01-01,31
2009,2,2009-02-01,28
2009,3,2009-03-01,31
2009,4,2009-04-01,30
2009,5,2009-05-01,31
2009,6,2009-06-01,30
2009,7,2009-07-01,31
2009,8,2009-08-01,31
2009,9,2009-09-01,30
2009,10,2009-10-01,31
2009,11,2009-11-01,30
2009,12,2009-12-01,31
2010,1,2010-01-01,31
2010,2,2010-02-01,28
2010,3,2010-03-01,31
2010,4,2010-04-01,30
2010,5,2010-05-01,31
2010,6,2010-06-01,30
2010,7,2010-07-01,31
2010,8,2010-08-01,31
2010,9,2010-09-01,30
2010,10,2010-10-01,31
2010,11,2010-11-01,30
2010,12,2010-12-01,31
2011,1,2011-01-01,31
2011,2,2011-02-01,28
2011,3,2011-03-01,31
2011,4,2011-04-01,30
2011,5,2011-05-01,31
2011,6,2011-06-01,30
2011,7,2011-07-01,31
2011,8,2011-08-01,31
2011,9,2011-09-01,30
2011,10,2011-10-01,31
2011,11,2011-11-01,30
2011,12,2011-12-01,31
2012,1,2012-01-01,31
2012,2,2012-02-01,29
2012,3,2012-03-01,31
2012,4,2012-04-01,30
2012,5,2012-05-01,31
2012,6,2012-06-01,30
2012,7,2012-07-01,31
2012,8,2012-08-01,31
2012,9,2012-09-01,30
2012,10,2012-10-01,31
2012,11,2012-11-01,30
2012,12,2012-12-01,31
2013,1,2013-01-01,31
2013,2,2013-02-01,28
2013,3,2013-03-01,31
2013,4,2013-04-01,30
2013,5,2013-05-01,31
2013,6,2013-06-01,30
2013,7,2013-07-01,31
2013,8,2013-08-01,31
2013,9,2013-09-01,30
2013,10,2013-10-01,31
2013,11,2013-11-01,30
2013,12,2013-12-01,31
2014,1,2014-01-01,31
2014,2,2014-02-01,28
2014,3,2014-03-01,31
2014,4,2014-04-01,30
2014,5,2014-05-01,31
2014,6,2014-06-01,30
2014,7,2014-07-01,31
2014,8,2014-08-01,31
2014,9,2014-09-01,30
2014,10,2014-10-01,31
2014,11,2014-11-01,30
2014,12,2014-12-01,31
2015,1,2015-01-01,31
2015,2,2015-02-01,28
2015,3,2015-03-01,31
2015,4,2015-04-01,30
2015,5,2015-05-01,31
2015,6,2015-06-01,30
2015,7,2015-07-01,31
2015,8,2015-08-01,31
2015,9,2015-09-01,30
2015,10,2015-10-01,31
2015,11,2015-11-01,30
2015,12,2015-12-01,31
2016,1,2016-01-01,31
2016,2,2016-02-01,29
2016,3,2016-03-01,31
2016,4,2016-04-01,30
2016,5,2016-05-01,31
2016,6,2016-06-01,30
2016,7,2016-07-01,31
2016,8,2016-08-01,31
2016,9,2016-09-01,30
2016,10,2016-10-01,31
2016,11,2016-11-01,30
2016,12,2016-12-01,31
2017,1,2017-01-01,31
2017,2,2017-02-01,28
2017,3,2017-03-01,31
2017,4,2017-04-01,30
2017,5,2017-05-01,31
2017,6,2017-06-01,30
2017,7,2017-07-01,31
2017,8,2017-08-01,31
2017,9,2017-09-01,30
2017,10,2017-10-01,31
2017,11,2017-11-01,30
2017,12,2017-12-01,31
2018,1,2018-01-01,31
2018,2,2018-02-01,28
2018,3,2018-03-01,31
2018,4,2018-04-01,30
2018,5,2018-05-01,31
2018,6,2018-06-01,30
2018,7,2018-07-01,31
2018,8,2018-08-01,31
2018,9,2018-09-01,30
2018,10,2018-10-01,31
2018,11,2018-11-01,30
2018,12,2018-12-01,31
2019,1,2019-01-01,31
2019,2,2019-02-01,28
2019,3,2019-03-01,31
2019,4,2019-04-01,30
2019,5,2019-05-01,31
2019,6,2019-06-01,30
2019,7,2019-07-01,31
2019,8,2019-08-01,31
2019,9,2019-09-01,30
2019,10,2019-10-01,31
2019,11,2019-11-01,30
2019,12,2019-12-01,31
2020,1,2020-01-01,31
2020,2,2020-02-01,29
2020,3,2020-03-01,31
2020,4,2020-04-01,30
2020,5,2020-05-01,31
2020,6,2020-06-01,30
2020,7,2020-07-01,31
2020,8,2020-08-01,31
2020,9,2020-09-01,30
2020,10,2020-10-01,31
2020,11,2020-11-01,30
2020,12,2020-12-01,31
2021,1,2021-01-01,31
2021,2,2021-02-01,28
2021,3,2021-03-01,31
2021,4,2021-04-01,30
2021,5,2021-05-01,31
2021,6,2021-06-01,30
2021,7,2021-07-01,31
2021,8,2021-08-01,31
2021,9,2021-09-01,30
2021,10,2021-10-01,31
2021,11,2021-11-01,30
2021,12,2021-12-01,31
2022,1,2022-01-01,31
2022,2,2022-02-01,28
2022,3,2022-03-01,31
2022,4,2022-04-01,30
2022,5,2022-05-01,31
2022,6,2022-06-01,30
2022,7,2022-07-01,31
2022,8,2022-08-01,31
2022,9,2022-09-01,30
2022,10,2022-10-01,31
2022,11,2022-11-01,30
2022,12,2022-12-01,31
2023,1,2023-01-01,31
2023,2,2023-02-01,28
2023,3,2023-03-01,31
2023,4,2023-04-01,30
2023,5,2023-05-01,31
2023,6,2023-06-01,30
2023,7,2023-07-01,31
2023,8,2023-08-01,31
2023,9,2023-09-01,30
2023,10,2023-10-01,31
2023,11,2023-11-01,30
2023,12,2023-12-01,31
2024,1,2024-01-01,31
2024,2,2024-02-01,29
2024,3,2024-03-01,31
2024,4,2024-04-01,30
2024,5,2024-05-01,31
2024,6,2024-06-01,30
2024,7,2024-07-01,31
2024,8,2024-08-01,31
2024,9,2024-09-01,30
2024,10,2024-10-01,31
2024,11,2024-11-01,30
2024,12,2024-12-01,31
2025,1,2025-01-01,31
2025,2,2025-02-01,28
2025,3,2025-03-01,31
2025,4,2025-04-01,30
2025,5,2025-05-01,31
2025,6,2025-06-01,30
2025,7,2025-07-01,31
2025,8,2025-08-01,31
2025,9,2025-09-01,30
2025,10,2025-10-01,31
2025,11,2025-11-01,30
2025,12,2025-12-01,31
2026,1,2026-01-01,31
2026,2,2026-02-01,28
2026,3,2026-03-01,31
2026,4,2026-04-01,30
2026,5,2026-05-01,31
2026,6,2026-06-01,30
2026,7,2026-07-01,31
2026,8,2026-08-01,31
2026,9,2026-09-01,30
2026,10,2026-10-01,31
2026,11,2026-11-01,30
2026,12,2026-12-01,31
2027,1,2027-01-01,31
2027,2,2027-02-01,28
2027,3,2027-03-01,31
2027,4,2027-04-01,30
2027,5,2027-05-01,31
2027,6,2027-06-01,30
2027,7,2027-07-01,31
2027,8,2027-08-01,31
2027,9,2027-09-01,30
2027,10,2027-10-01,31
2027,11,2027-11-01,30
2027,12,2027-12-01,31
2028,1,2028-01-01,31
2028,2,2028-02-01,29
2028,3,2028-03-01,31
2028,4,2028-04-01,30
2028,5,2028-05-01,31
2028,6,2028-06-01,30
2028,7,2028-07-01,31
2028,8,2028-08-01,31
2028,9,2028-09-01,30
2028,10,2028-10-01,31
2028,11,2028-11-01,30
2028,12,2028-12-01,31
2029,1,2029-01-01,31
2029,2,2029-02-01,28
2029,3,2029-03-01,31
2029,4,2029-04-01,30
2029,5,2029-05-01,31
2029,6,2029-06-01,30
2029,7,2029-07-01,31
2029,8,2029-08-01,31
2029,9,2029-09-01,30
2029,10,2029-10-01,31
2029,11,2029-11-01,30
2029,12,2029-12-01,31
2030,1,2030-01-01,31
2030,2,2030-02-01,28
2030,3,2030-03-01,31
2030,4,2030-04-01,30
2030,5,2030-05-01,31
2030,6,2030-06-01,30
2030,7,2030-07-01,31
2030,8,2030-08-01,31
2030,9,2030-09-01,30
2030,10,2030-10-01,31
2030,11,2030-11-01,30
2030,12,2030-12-01,31
2031,1,2031-01-01,31
2031,2,2031-02-01,28
2031,3,2031-03-01,31
2031,4,2031-04-01,30
2031,5,2031-05-01,31
2031,6,2031-06-01,30
2031,7,2031-07-01,31
2031,8,2031-08-01,31
2031,9,2031-09-01,30
2031,10,2031-10-01,31
2031,11,2031-11-01,30
2031,12,2031-12-01,31
2032,1,2032-01-01,31
2032,2,2032-02-01,29
2032,3,2032-03-01,31
2032,4,2032-04-01,30
2032,5,2032-05-01,31
2032,6,2032-06-01,30
2032,7,2032-07-01,31
2032,8,2032-08-01,31
2032,9,2032-09-01,30
2032,10,2032-10-01,31
2032,11,2032-11-01,30
2032,12,2032-12-01,31
2033,1,2033-01-01,31
2033,2,2033-02-01,28
2033,3,2033-03-01,31
2033,4,2033-04-01,30
2033,5,2033-05-01,31
2033,6,2033-06-01,30
2033,7,2033-07-01,31
2033,8,2033-08-01,31
2033,9,2033-09-01,30
2033,10,2033-10-01,31
2033,11,2033-11-01,30
2033,12,2033-12-01,31
2034,1,2034-01-01,31
2034,2,2034-02-01,28
2034,3,2034-03-01,31
2034,4,2034-04-01,30
2034,5,2034-05-01,31
2034,6,2034-06-01,30
2034,7,2034-07-01,31
2034,8,2034-08-01,31
2034,9,2034-09-01,30
2034,10,2034-10-01,31
2034,11,2034-11-01,30
2034,12,2034-12-01,31
2035,1,2035-01-01,31
2035,2,2035-02-01,28
2035,3,2035-03-01,31
2035,4,2035-04-01,30
2035,5,2035-05-01,31
2035,6,2035-06-01,30
2035,7,2035-07-01,31
2035,8,2035-08-01,31
2035,9,2035-09-01,30
2035,10,2035-10-01,31
2035,11,2035-11-01,30
2035,12,2035-12-01,31
2036,1,2036-01-01,31
2036,2,2036-02-01,29
2036,3,2036-03-01,31
2036,4,2036-04-01,30
2036,5,2036-05-01,31
2036,6,2036-06-01,30
2036,7,2036-07-01,31
2036,8,2036-08-01,31
2036,9,2036-09-01,30
2036,10,2036-10-01,31
2036,11,2036-11-01,30
2036,12,2036-12-01,31
2037,1,2037-01-01,31
2037,2,2037-02-01,28
2037,3,2037-03-01,31
2037,4,2037-04-01,30
2037,5,2037-05-01,31
2037,6,2037-06-01,30
2037,7,2037-07-01,31
2037,8,2037-08-01,31
2037,9,2037-09-01,30
2037,10,2037-10-01,31
2037,11,2037-11-01,30
2037,12,2037-12-01,31
2038,1,2038-01-01,31
2038,2,2038-02-01,28
2038,3,2038-03-01,31
2038,4,2038-04-01,30
2038,5,2038-05-01,31
2038,6,2038-06-01,30
2038,7,2038-07-01,31
2038,8,2038-08-01,31
2038,9,2038-09-01,30
2038,10,2038-10-01,31
2038,11,2038-11-01,30
2038,12,2038-12-01,31
2039,1,2039-01-01,31
2039,2,2039-02-01,28
2039,3,2039-03-01,31
2039,4,2039-04-01,30
2039,5,2039-05-01,31
2039,6,2039-06-01,30
2039,7,2039-07-01,31
2039,8,2039-08-01,31
2039,9,2039-09-01,30
2039,10,2039-10-01,31
2039,11,2039-11-01,30
2039,12,2039-12-01,31
2040,1,2040-01-01,31
2040,2,2040-02-01,29
2040,3,2040-03-01,31
2040,4,2040-04-01,30
2040,5,2040-05-01,31
2040,6,2040-06-01,30
2040,7,2040-07-01,31
2040,8,2040-08-01,31
2040,9,2040-09-01,30
2040,10,2040-10-01,31
2040,11,2040-11-01,30
2040,12,2040-12-01,31
2041,1,2041-01-01,31
2041,2,2041-02-01,28
2041,3,2041-03-01,31
2041,4,2041-04-01,30
2041,5,2041-05-01,31
2041,6,2041-06-01,30
2041,7,2041-07-01,31
2041,8,2041-08-01,31
2041,9,2041-09-01,30
2041,10,2041-10-01,31
2041,11,2041-11-01,30
2041,12,2041-12-01,31
2042,1,2042-01-01,31
2042,2,2042-02-01,28
2042,3,2042-03-01,31
2042,4,2042-04-01,30
2042,5,2042-05-01,31
2042,6,2042-06-01,30
2042,7,2042-07-01,31
2042,8,2042-08-01,31
2042,9,2042-09-01,30
2042,10,2042-10-01,31
2042,11,2042-11-01,30
2042,12,2042-12-01,31
2043,1,2043-01-01,31
2043,2,2043-02-01,28
2043,3,2043-03-01,31
2043,4,2043-04-01,30
2043,5,2043-05-01,31
2043,6,2043-06-01,30
2043,7,2043-07-01,31
2043,8,2043-08-01,31
2043,9,2043-09-01,30
2043,10,2043-10-01,31
2043,11,2043-11-01,30
2043,12,2043-12-01,31
2044,1,2044-01-01,31
2044,2,2044-02-01,29
2044,3,2044-03-01,31
2044,4,2044-04-01,30
2044,5,2044-05-01,31
2044,6,2044-06-01,30
2044,7,2044-07-01,31
2044,8,2044-08-01,31
2044,9,2044-09-01,30
2044,10,2044-10-01,31
2044,11,2044-11-01,30
2044,12,2044-12-01,31
2045,1,2045-01-01,31
2045,2,2045-02-01,28
2045,3,2045-03-01,31
2045,4,2045-04-01,30
2045,5,2045-05-01,31
2045,6,2045-06-01,30
2045,7,2045-07-01,31
2045,8,2045-08-01,31
2045,9,2045-09-01,30
2045,10,2045-10-01,31
2045,11,2045-11-01,30
2045,12,2045-12-01,31
2046,1,2046-01-01,31
2046,2,2046-02-01,28
2046,3,2046-03-01,31
2046,4,2046-04-01,30
2046,5,2046-05-01,31
2046,6,2046-06-01,30
2046,7,2046-07-01,31
2046,8,2046-08-01,31
2046,9,2046-09-01,30
2046,10,2046-10-01,31
2046,11,2046-11-01,30
2046,12,2046-12-01,31
2047,1,2047-01-01,31
2047,2,2047-02-01,28
2047,3,2047-03-01,31
2047,4,2047-04-01,30
2047,5,2047-05-01,31
2047,6,2047-06-01,30
2047,7,2047-07-01,31
2047,8,2047-08-01,31
2047,9,2047-09-01,30
2047,10,2047-10-01,31
2047,11,2047-11-01,30
2047,12,2047-12-01,31
2048,1,2048-01-01,31
2048,2,2048-02-01,29
2048,3,2048-03-01,31
2048,4,2048-04-01,30
2048,5,2048-05-01,31
2048,6,2048-06-01,30
2048,7,2048-07-01,31
2048,8,2048-08-01,31
2048,9,2048-09-01,30
2048,10,2048-10-01,31
2048,11,2048-11-01,30
2048,12,2048-12-01,31
2049,1,2049-01-01,31
2049,2,2049-02-01,28
2049,3,2049-03-01,31
2049,4,2049-04-01,30
2049,5,2049-05-01,31
2049,6,2049-06-01,30
2049,7,2049-07-01,31
2049,8,2049-08-01,31
2049,9,2049-09-01,30
2049,10,2049-10-01,31
2049,11,2049-11-01,30
2049,12,2049-12-01,31
2050,1,2050-01-01,31
2050,2,2050-02-01,28
2050,3,2050-03-01,31
2050,4,2050-04-01,30
2050,5,2050-05-01,31
2050,6,2050-06-01,30
2050,7,2050-07-01,31
2050,8,2050-08-01,31
2050,9,2050-09-01,30
2050,10,2050-10-01,31
2050,11,2050-11-01,30
2050,12,2050-12-01,31
2051,1,2051-01-01,31
2051,2,2051-02-01,28
2051,3,2051-03-01,31
2051,4,2051-04-01,30
2051,5,2051-05-01,31
2051,6,2051-06-01,30
2051,7,2051-07-01,31
2051,8,2051-08-01,31
2051,9,2051-09-01,30
2051,10,2051-10-01,31
2051,11,2051-11-01,30
2051,12,2051-12-01,31
2052,1,2052-01-01,31
2052,2,2052-02-01,29
2052,3,2052-03-01,31
2052,4,2052-04-01,30
2052,5,2052-05-01,31
2052,6,2052-06-01,30
2052,7,2052-07-01,31
2052,8,2052-08-01,31
2052,9,2052-09-01,30
2052,10,2052-10-01,31
2052,11,2052-11-01,30
2052,12,2052-12-01,31
2053,1,2053-01-01,31
2053,2,2053-02-01,28
2053,3,2053-03-01,31
2053,4,2053-04-01,30
2053,5,2053-05-01,31
2053,6,2053-06-01,30
2053,7,2053-07-01,31
2053,8,2053-08-01,31
2053,9,2053-09-01,30
2053,10,2053-10-01,31
2053,11,2053-11-01,30
2053,12,2053-12-01,31
2054,1,2054-01-01,31
2054,2,2054-02-01,28
2054,3,2054-03-01,31
2054,4,2054-04-01,30
2054,5,2054-05-01,31
2054,6,2054-06-01,30
2054,7,2054-07-01,31
2054,8,2054-08-01,31
2054,9,2054-09-01,30
2054,10,2054-10-01,31
2054,11,2054-11-01,30
2054,12,2054-12-01,31
2055,1,2055-01-01,31
2055,2,2055-02-01,28
2055,3,2055-03-01,31
2055,4,2055-04-01,30
2055,5,2055-05-01,31
2055,6,2055-06-01,30
2055,7,2055-07-01,31
2055,8,2055-08-01,31
2055,9,2055-09-01,30
2055,10,2055-10-01,31
2055,11,2055-11-01,30
2055,12,2055-12-01,31
2056,1,2056-01-01,31
2056,2,2056-02-01,29
2056,3,2056-03-01,31
2056,4,2056-04-01,30
2056,5,2056-05-01,31
2056,6,2056-06-01,30
2056,7,2056-07-01,31
2056,8,2056-08-01,31
2056,9,2056-09-01,30
2056,10,2056-10-01,31
2056,11,2056-11-01,30
2056,12,2056-12-01,31
2057,1,2057-01-01,31
2057,2,2057-02-01,28
2057,3,2057-03-01,31
2057,4,2057-04-01,30
2057,5,2057-05-01,31
2057,6,2057-06-01,30
2057,7,2057-07-01,31
2057,8,2057-08-01,31
2057,9,2057-09-01,30
2057,10,2057-10-01,31
2057,11,2057-11-01,30
2057,12,2057-12-01,31
2058,1,2058-01-01,31
2058,2,2058-02-01,28
2058,3,2058-03-01,31
2058,4,2058-04-01,30
2058,5,2058-05-01,31
2058,6,2058-06-01,30
2058,7,2058-07-01,31
2058,8,2058-08-01,31
2058,9,2058-09-01,30
2058,10,2058-10-01,31
2058,11,2058-11-01,30
2058,12,2058-12-01,31
2059,1,2059-01-01,31
2059,2,2059-02-01,28
2059,3,2059-03-01,31
2059,4,2059-04-01,30
2059,5,2059-05-01,31
2059,6,2059-06-01,30
2059,7,2059-07-01,31
2059,8,2059-08-01,31
2059,9,2059-09-01,30
2059,10,2059-10-01,31
2059,11,2059-11-01,30
2059,12,2059-12-01,31
2060,1,2060-01-01,31
2060,2,2060-02-01,29
2060,3,2060-03-01,31
2060,4,2060-04-01,30
2060,5,2060-05-01,31
2060,6,2060-06-01,30
2060,7,2060-07-01,31
2060,8,2060-08-01,31
2060,9,2060-09-01,30
2060,10,2060-10-01,31
2060,11,2060-11-01,30
2060,12,2060-12-01,31
2061,1,2061-01-01,31
2061,2,2061-02-01,28
2061,3,2061-03-01,31
2061,4,2061-04-01,30
2061,5,2061-05-01,31
2061,6,2061-06-01,30
2061,7,2061-07-01,31
2061,8,2061-08-01,31
2061,9,2061-09-01,30
2061,10,2061-10-01,31
2061,11,2061-11-01,30
2061,12,2061-12-01,31
2062,1,2062-01-01,31
2062,2,2062-02-01,28
2062,3,2062-03-01,31
2062,4,2062-04-01,30
2062,5,2062-05-01,31
2062,6,2062-06-01,30
2062,7,2062-07-01,31
2062,8,2062-08-01,31
2062,9,2062-09-01,30
2062,10,2062-10-01,31
2062,11,2062-11-01,30
2062,12,2062-12-01,31
2063,1,2063-01-01,31
2063,2,2063-02-01,28
2063,3,2063-03-01,31
2063,4,2063-04-01,30
2063,5,2063-05-01,31
2063,6,2063-06-01,30
2063,7,2063-07-01,31
2063,8,2063-08-01,31
2063,9,2063-09-01,30
2063,10,2063-10-01,31
2063,11,2063-11-01,30
2063,12,2063-12-01,31
2064,1,2064-01-01,31
2064,2,2064-02-01,29
2064,3,2064-03-01,31
2064,4,2064-04-01,30
2064,5,2064-05-01,31
2064,6,2064-06-01,30
2064,7,2064-07-01,31
2064,8,2064-08-01,31
2064,9,2064-09-01,30
2064,10,2064-10-01,31
2064,11,2064-11-01,30
2064,12,2064-12-01,31
2065,1,2065-01-01,31
2065,2,2065-02-01,28
2065,3,2065-03-01,31
2065,4,2065-04-01,30
2065,5,2065-05-01,31
2065,6,2065-06-01,30
2065,7,2065-07-01,31
2065,8,2065-08-01,31
2065,9,2065-09-01,30
2065,10,2065-10-01,31
2065,11,2065-11-01,30
2065,12,2065-12-01,31
2066,1,2066-01-01,31
2066,2,2066-02-01,28
2066,3,2066-03-01,31
2066,4,2066-04-01,30
2066,5,2066-05-01,31
2066,6,2066-06-01,30
2066,7,2066-07-01,31
2066,8,2066-08-01,31
2066,9,2066-09-01,30
2066,10,2066-10-01,31
2066,11,2066-11-01,30
2066,12,2066-12-01,31
2067,1,2067-01-01,31
2067,2,2067-02-01,28
2067,3,2067-03-01,31
2067,4,2067-04-01,30
2067,5,2067-05-01,31
2067,6,2067-06-01,30
2067,7,2067-07-01,31
2067,8,2067-08-01,31
2067,9,2067-09-01,30
2067,10,2067-10-01,31
2067,11,2067-11-01,30
2067,12,2067-12-01,31
2068,1,2068-01-01,31
2068,2,2068-02-01,29
2068,3,2068-03-01,31
2068,4,2068-04-01,30
2068,5,2068-05-01,31
2068,6,2068-06-01,30
2068,7,2068-07-01,31
2068,8,2068-08-01,31
2068,9,2068-09-01,30
2068,10,2068-10-01,31
2068,11,2068-11-01,30
2068,12,2068-12-01,31
2069,1,2069-01-01,31
2069,2,2069-02-01,28
2069,3,2069-03-01,31
2069,4,2069-04-01,30
2069,5,2069-05-01,31
2069,6,2069-06-01,30
2069,7,2069-07-01,31
2069,8,2069-08-01,31
2069,9,2069-09-01,30
2069,10,2069-10-01,31
2069,11,2069-11-01,30
2069,12,2069-12-01,31
2070,1,2070-01-01,31
2070,2,2070-02-01,28
2070,3,2070-03-01,31
2070,4,2070-04-01,30
2070,5,2070-05-01,31
2070,6,2070-06-01,30
2070,7,2070-07-01,31
2070,8,2070-08-01,31
2070,9,2070-09-01,30
2070,10,2070-10-01,31
2070,11,2070-11-01,30
2070,12,2070-12-01,31
2071,1,2071-01-01,31
2071,2,2071-02-01,28
2071,3,2071-03-01,31
2071,4,2071-04-01,30
2071,5,2071-05-01,31
2071,6,2071-06-01,30
2071,7,2071-07-01,31
2071,8,2071-08-01,31
2071,9,2071-09-01,30
2071,10,2071-10-01,31
2071,11,2071-11-01,30
2071,12,2071-12-01,31
2072,1,2072-01-01,31
2072,2,2072-02-01,29
2072,3,2072-03-01,31
2072,4,2072-04-01,30
2072,5,2072-05-01,31
2072,6,2072-06-01,30
2072,7,2072-07-01,31
2072,8,2072-08-01,31
2072,9,2072-09-01,30
2072,10,2072-10-01,31
2072,11,2072-11-01,30
2072,12,2072-12-01,31
2073,1,2073-01-01,31
2073,2,2073-02-01,28
2073,3,2073-03-01,31
2073,4,2073-04-01,30
2073,5,2073-05-01,31
2073,6,2073-06-01,30
2073,7,2073-07-01,31
2073,8,2073-08-01,31
2073,9,2073-09-01,30
2073,10,2073-10-01,31
2073,11,2073-11-01,30
2073,12,2073-12-01,31
2074,1,2074-01-01,31
2074,2,2074-02-01,28
2074,3,2074-03-01,31
2074,4,2074-04-01,30
2074,5,2074-05-01,31
2074,6,2074-06-01,30
2074,7,2074-07-01,31
2074,8,2074-08-01,31
2074,9,2074-09-01,30
2074,10,2074-10-01,31
2074,11,2074-11-01,30
2074,12,2074-12-01,31
2075,1,2075-01-01,31
2075,2,2075-02-01,28
2075,3,2075-03-01,31
2075,4,2075-04-01,30
2075,5,2075-05-01,31
2075,6,2075-06-01,30
2075,7,2075-07-01,31
2075,8,2075-08-01,31
2075,9,2075-09-01,30
2075,10,2075-10-01,31
2075,11,2075-11-01,30
2075,12,2075-12-01,31
2076,1,2076-01-01,31
2076,2,2076-02-01,29
2076,3,2076-03-01,31
2076,4,2076-04-01,30
2076,5,2076-05-01,31
2076,6,2076-06-01,30
2076,7,2076-07-01,31
2076,8,2076-08-01,31
2076,9,2076-09-01,30
2076,10,2076-10-01,31
2076,11,2076-11-01,30
2076,12,2076-12-01,31
2077,1,2077-01-01,31
2077,2,2077-02-01,28
2077,3,2077-03-01,31
2077,4,2077-04-01,30
2077,5,2077-05-01,31
2077,6,2077-06-01,30
2077,7,2077-07-01,31
2077,8,2077-08-01,31
2077,9,2077-09-01,30
2077,10,2077-10-01,31
2077,11,2077-11-01,30
2077,12,2077-12-01,31
2078,1,2078-01-01,31
2078,2,2078-02-01,28
2078,3,2078-03-01,31
2078,4,2078-04-01,30
2078,5,2078-05-01,31
2078,6,2078-06-01,30
2078,7,2078-07-01,31
2078,8,2078-08-01,31
2078,9,2078-09-01,30
2078,10,2078-10-01,31
2078,11,2078-11-01,30
2078,12,2078-12-01,31
2079,1,2079-01-01,31
2079,2,2079-02-01,28
2079,3,2079-03-01,31
2079,4,2079-04-01,30
2079,5,2079-05-01,31
2079,6,2079-06-01,30
2079,7,2079-07-01,31
2079,8,2079-08-01,31
2079,9,2079-09-01,30
2079,10,2079-10-01,31
2079,11,2079-11-01,30
2079,12,2079-12-01,31
2080,1,2080-01-01,31
2080,2,2080-02-01,29
2080,3,2080-03-01,31
2080,4,2080-04-01,30
2080,5,2080-05-01,31
2080,6,2080-06-01,30
2080,7,2080-07-01,31
2080,8,2080-08-01,31
2080,9,2080-09-01,30
2080,10,2080-10-01,31
2080,11,2080-11-01,30
2080,12,2080-12-01,31
2081,1,2081-01-01,31
2081,2,2081-02-01,28
2081,3,2081-03-01,31
2081,4,2081-04-01,30
2081,5,2081-05-01,31
2081,6,2081-06-01,30
2081,7,2081-07-01,31
2081,8,2081-08-01,31
2081,9,2081-09-01,30
2081,10,2081-10-01,31
2081,11,2081-11-01,30
2081,12,2081-12-01,31
2082,1,2082-01-01,31
2082,2,2082-02-01,28
2082,3,2082-03-01,31
2082,4,2082-04-01,30
2082,5,2082-05-01,31
2082,6,2082-06-01,30
2082,7,2082-07-01,31
2082,8,2082-08-01,31
2082,9,2082-09-01,30
2082,10,2082-10-01,31
2082,11,2082-11-01,30
2082,12,2082-12-01,31
2083,1,2083-01-01,31
2083,2,2083-02-01,28
2083,3,2083-03-01,31
2083,4,2083-04-01,30
2083,5,2083-05-01,31
2083,6,2083-06-01,30
2083,7,2083-07-01,31
2083,8,2083-08-01,31
2083,9,2083-09-01,30
2083,10,2083-10-01,31
2083,11,2083-11-01,30
2083,12,2083-12-01,31
2084,1,2084-01-01,31
2084,2,2084-02-01,29
2084,3,2084-03-01,31
2084,4,2084-04-01,30
2084,5,2084-05-01,31
2084,6,2084-06-01,30
2084,7,2084-07-01,31
2084,8,2084-08-01,31
2084,9,2084-09-01,30
2084,10,2084-10-01,31
2084,11,2084-11-01,30
2084,12,2084-12-01,31
2085,1,2085-01-01,31
2085,2,2085-02-01,28
2085,3,2085-03-01,31
2085,4,2085-04-01,30
2085,5,2085-05-01,31
2085,6,2085-06-01,30
2085,7,2085-07-01,31
2085,8,2085-08-01,31
2085,9,2085-09-01,30
2085,10,2085-10-01,31
2085,11,2085-11-01,30
2085,12,2085-12-01,31
2086,1,2086-01-01,31
2086,2,2086-02-01,28
2086,3,2086-03-01,31
2086,4,2086-04-01,30
2086,5,2086-05-01,31
2086,6,2086-06-01,30
2086,7,2086-07-01,31
2086,8,2086-08-01,31
2086,9,2086-09-01,30
2086,10,2086-10-01,31
2086,11,2086-11-01,30
2086,12,2086-12-01,31
2087,1,2087-01-01,31
2087,2,2087-02-01,28
2087,3,2087-03-01,31
2087,4,2087-04-01,30
2087,5,2087-05-01,31
2087,6,2087-06-01,30
2087,7,2087-07-01,31
2087,8,2087-08-01,31
2087,9,2087-09-01,30
2087,10,2087-10-01,31
2087,11,2087-11-01,30
2087,12,2087-12-01,31
2088,1,2088-01-01,31
2088,2,2088-02-01,29
2088,3,2088-03-01,31
2088,4,2088-04-01,30
2088,5,2088-05-01,31
2088,6,2088-06-01,30
2088,7,2088-07-01,31
2088,8,2088-08-01,31
2088,9,2088-09-01,30
2088,10,2088-10-01,31
2088,11,2088-11-01,30
2088,12,2088-12-01,31
2089,1,2089-01-01,31
2089,2,2089-02-01,28
2089,3,2089-03-01,31
2089,4,2089-04-01,30
2089,5,2089-05-01,31
2089,6,2089-06-01,30
2089,7,2089-07-01,31
2089,8,2089-08-01,31
2089,9,2089-09-01,30
2089,10,2089-10-01,31
2089,11,2089-11-01,30
2089,12,2089-12-01,31
2090,1,2090-01-01,31
2090,2,2090-02-01,28
2090,3,2090-03-01,31
2090,4,2090-04-01,30
2090,5,2090-05-01,31
2090,6,2090-06-01,30
2090,7,2090-07-01,31
2090,8,2090-08-01,31
2090,9,2090-09-01,30
2090,10,2090-10-01,31
2090,11,2090-11-01,30
2090,12,2090-12-01,31
2091,1,2091-01-01,31
2091,2,2091-02-01,28
2091,3,2091-03-01,31
2091,4,2091-04-01,30
2091,5,2091-05-01,31
2091,6,2091-06-01,30
2091,7,2091-07-01,31
2091,8,2091-08-01,31
2091,9,2091-09-01,30
2091,10,2091-10-01,31
2091,11,2091-11-01,30
2091,12,2091-12-01,31
2092,1,2092-01-01,31
2092,2,2092-02-01,29
2092,3,2092-03-01,31
2092,4,2092-04-01,30
2092,5,2092-05-01,31
2092,6,2092-06-01,30
2092,7,2092-07-01,31
2092,8,2092-08-01,31
2092,9,2092-09-01,30
2092,10,2092-10-01,31
2092,11,2092-11-01,30
2092,12,2092-12-01,31
2093,1,2093-01-01,31
2093,2,2093-02-01,28
2093,3,2093-03-01,31
2093,4,2093-04-01,30
2093,5,2093-05-01,31
2093,6,2093-06-01,30
2093,7,2093-07-01,31
2093,8,2093-08-01,31
2093,9,2093-09-01,30
2093,10,2093-10-01,31
2093,11,2093-11-01,30
2093,12,2093-12-01,31
2094,1,2094-01-01,31
2094,2,2094-02-01,28
2094,3,2094-03-01,31
2094,4,2094-04-01,30
2094,5,2094-05-01,31
2094,6,2094-06-01,30
2094,7,2094-07-01,31
2094,8,2094-08-01,31
2094,9,2094-09-01,30
2094,10,2094-10-01,31
2094,11,2094-11-01,30
2094,12,2094-12-01,31
2095,1,2095-01-01,31
2095,2,2095-02-01,28
2095,3,2095-03-01,31
2095,4,2095-04-01,30
2095,5,2095-05-01,31
2095,6,2095-06-01,30
2095,7,2095-07-01,31
2095,8,2095-08-01,31
2095,9,2095-09-01,30
2095,10,2095-10-01,31
2095,11,2095-11-01,30
2095,12,2095-12-01,31
2096,1,2096-01-01,31
2096,2,2096-02-01,29
2096,3,2096-03-01,31
2096,4,2096-04-01,30
2096,5,2096-05-01,31
2096,6,2096-06-01,30
2096,7,2096-07-01,31
2096,8,2096-08-01,31
2096,9,2096-09-01,30
2096,10,2096-10-01,31
2096,11,2096-11-01,30
2096,12,2096-12-01,31
2097,1,2097-01-01,31
2097,2,2097-02-01,28
2097,3,2097-03-01,31
2097,4,2097-04-01,30
2097,5,2097-05-01,31
2097,6,2097-06-01,30
2097,7,2097-07-01,31
2097,8,2097-08-01,31
2097,9,2097-09-01,30
2097,10,2097-10-01,31
2097,11,2097-11-01,30
2097,12,2097-12-01,31
2098,1,2098-01-01,31
2098,2,2098-02-01,28
2098,3,2098-03-01,31
2098,4,2098-04-01,30
2098,5,2098-05-01,31
2098,6,2098-06-01,30
2098,7,2098-07-01,31
2098,8,2098-08-01,31
2098,9,2098-09-01,30
2098,10,2098-10-01,31
2098,11,2098-11-01,30
2098,12,2098-12-01,31
2099,1,2099-01-01,31
2099,2,2099-02-01,28
2099,3,2099-03-01,31
2099,4,2099-04-01,30
2099,5,2099-05-01,31
2099,6,2099-06-01,30
2099,7,2099-07-01,31
2099,8,2099-08-01,31
2099,9,2099-09-01,30
2099,10,2099-10-01,31
2099,11,2099-11-01,30
2099,12,2099-12-01,31
,,,
,,,
,,,
,,,
,,,
,,,
,,,
,,,
,,,
,,,
,,,
,,,
,,,
,,,
,,,
,,,
,,,
,,,
,,,
,,,
,,,
,,,
,,,
,,,
,,,
,,,
,,,
,,,
,,,
,,,
,,,
,,,
,,,
,,,
,,,
,,,
,,,
,,,
,,,
,,,
,,,
,,,
,,,
,,,
,,,
,,,
